INSERT INTO type
VALUES  ('physical'),
        ('neutral'),
        ('magical'),
        ('physical_boots'),
        ('magical_boots');

INSERT INTO god (god_name, god_type)
VALUES  ('Agni', 'magical'),
        ('Ah Muzen Cab', 'physical'),
        ('Ah Puch', 'magical'),
        ('Amaterasu', 'physical'),
        ('Anubis', 'magical'),
        ('Ao Kuang', 'magical'),
        ('Aphrodite', 'magical'),
        ('Apollo', 'physical'),
        ('Arachne', 'physical'),
        ('Ares', 'magical'),
        ('Artemis', 'physical'),
        ('Athena', 'magical'),
        ('Awilix', 'physical'),
        ('Bacchus', 'magical'),
        ('Bakasura', 'physical'),
        ('Bastet', 'physical'),
        ('Bellona', 'physical'),
        ('Cabrakan', 'magical'),
        ('Chaac', 'physical'),
        ('Change', 'magical'),
        ('Chiron', 'physical'),
        ('Chronos', 'magical'),
        ('Cupid', 'physical'),
        ('Fafnir', 'magical'),
        ('Fenrir', 'physical'),
        ('Freya', 'magical'),
        ('Geb', 'magical'),
        ('Guan Yu', 'physical'),
        ('Hades', 'magical'),
        ('He Bo', 'magical'),
        ('Hel', 'magical'),
        ('Hercules', 'physical'),
        ('Hou Yi', 'physical'),
        ('Hun Batz', 'physical'),
        ('Isis', 'magical'),
        ('Janus', 'magical'),
        ('Jing Wei', 'physical'),
        ('Kali', 'physical'),
        ('Khepri', 'magical'),
        ('Kukulkan', 'magical'),
        ('Kumbhakarna', 'magical'),
        ('Loki', 'physical'),
        ('Medusa', 'physical'),
        ('Mercury', 'physical'),
        ('Ne Zha', 'physical'),
        ('Neith', 'physical'),
        ('Nemesis', 'physical'),
        ('Nox', 'magical'),
        ('Nu Wa', 'magical'),
        ('Odin', 'physical'),
        ('Osiris', 'physical'),
        ('Poseidon', 'magical'),
        ('Ra', 'magical'),
        ('Raijin', 'magical'),
        ('Rama', 'physical'),
        ('Ratatoskr', 'physical'),
        ('Ravana', 'physical'),
        ('Scylla', 'magical'),
        ('Serqet', 'physical'),
        ('Skadi', 'physical'),
        ('Sobek', 'magical'),
        ('Sol', 'magical'),
        ('Sun Wukong', 'physical'),
        ('Susano', 'physical'),
        ('Sylvanus', 'magical'),
        ('Thanatos', 'physical'),
        ('Thor', 'physical'),
        ('Tyr', 'physical'),
        ('Ullr', 'physical'),
        ('Vamana', 'physical'),
        ('Vulcan', 'magical'),
        ('Xbalanque', 'physical'),
        ('Xing Tian', 'magical'),
        ('Ymir', 'magical'),
        ('Zeus', 'magical'),
        ('Zhong Kui', 'magical');

INSERT INTO item (item_name, item_type)
VALUES  ('Reinforced Greaves', 'physical_boots'),
        ('Travelers Shoes', 'magical_boots'),
        ('Reinforced Shoes', 'magical_boots'),
        ('Ninja Tabi', 'physical_boots'),
        ('Shoes of Focus', 'magical_boots'),
        ('Talaria Boots', 'physical_boots'),
        ('Warriar Tabi', 'physical_boots'),
        ('Shoes of the Magi', 'magical_boots'),
        ('Heartseeker', 'physical'),
        ('Shield of Regrowth', 'physical'),
        ('Divine Ruin', 'magical'),
        ('Winged Blade', 'neutral'),
        ('Oni Hunters Garb', 'neutral'),
        ('Soul Eater', 'physical'),
        ('Devourers Gauntlet', 'physical'),
        ('Lotus Crown', 'magical'),
        ('Obsidian Shard', 'magical'),
        ('Titans Bane', 'physical'),
        ('Witchblade', 'neutral'),
        ('Heartward Amulet', 'neutral'),
        ('Sovereignty', 'neutral'),
        ('Spectral Armor', 'neutral'),
        ('Stone of Gaia', 'neutral'),
        ('Telkhines Ring', 'magical'),
        ('Hastened Fatalis', 'neutral'),
        ('Hydras Lament', 'physical'),
        ('Pestilience', 'neutral'),
        ('Runic Shield', 'physical'),
        ('Spear of the Magus', 'magical'),
        ('Ancile', 'physical'),
        ('Genjis Guard', 'neutral'),
        ('Masamune', 'physical'),
        ('Hide of the Nemean Lion', 'neutral'),
        ('Midgardian Mail', 'neutral'),
        ('The Executioner', 'physical'),
        ('Demonic Grip', 'magical'),
        ('Breastplate of Valor', 'physical'),
        ('Celestial Legion Helm', 'magical'),
        ('Frostbound Hammer', 'physical'),
        ('Gauntlet of Thebes', 'neutral'),
        ('Polynomicon', 'magical'),
        ('The Crusher', 'physical'),
        ('Magis Blessing', 'neutral'),
        ('Void Stone', 'magical'),
        ('Golden Bow', 'physical'),
        ('Bancrofts Talon', 'magical'),
        ('Brawlers Beat Stick', 'physical'),
        ('Chronos Pendant', 'magical'),
        ('Hide of the Urchin', 'neutral'),
        ('Mail of Renewal', 'neutral'),
        ('Rage', 'physical'),
        ('Shifters Shield', 'neutral'),
        ('Odysseus Bow', 'physical'),
        ('Spirit Robe', 'neutral'),
        ('Bulwark of Hope', 'neutral'),
        ('Pythagorems Piece', 'magical'),
        ('Transcendence', 'physical'),
        ('Void Shield', 'physical'),
        ('Wind Demon', 'physical'),
        ('Book of Thoth', 'magical'),
        ('Runeforged Hammer', 'physical'),
        ('Warlocks Sash', 'magical'),
        ('Rod of Asclepius', 'magical'),
        ('Ethereal Staff', 'magical'),
        ('Gem of Isolation', 'magical'),
        ('Qins Sais', 'physical'),
        ('Bloodforge', 'physical'),
        ('Mystical Mail', 'neutral'),
        ('Stone Cutting Sword', 'physical'),
        ('Soul Reaver', 'magical'),
        ('Malice', 'physical'),
        ('Mantle of Discord', 'neutral'),
        ('Deathbringer', 'physical'),
        ('Rod of Tahuti', 'magical'),
        ('Spear of Desolation', 'magical');

INSERT INTO relic (relic_name)
VALUES  ('Blink'),
        ('Curse'),
        ('Frenzy'),
        ('Meditation'),
        ('Purification'),
        ('Sanctuary'),
        ('Scout'),
        ('Shell'),
        ('Sprint'),
        ('Sunder'),
        ('Teleport'),
        ('Wrath');